Author,Date,Region,Sentence,generated_translation,score_human
Brunetto Latini,1260-61,fior.,"quella guerra ben fatta l' opera perché etc. Et dall' altra parte Aiaces era uno cavaliere franco e prode all' arme, di gran guisa, ma non era pieno di grande senno","Quella guerra fu combattuta molto bene perché, eccetto che, etc. E dall'altra parte Aiace era un cavaliere francese e valente in armi, di grande statura, ma non aveva grande saggezza.",0
Bono Giamboni,1292,fior.,"crudele, e di tutte le colpe pigli vendetta, come dice la legge, ed a neuno cavaliere perdoni che pecchi.","crudele e di tutte le colpe prende vendetta, come dice la legge, e a nessun cavaliere perdona chi pecca.",0
Valerio Massimo (red. V1,1336,fior.,"Non d' altra forza d' animo fue ornato Ponzio Aufidiano, romano cavaliere.","Non fu ornato di altro coraggio d'animo Ponzio Aufidiano, romano cavaliere.",0
Lucano volg. (ed. Marinoni),1330/40,prat.,"Se questo piace a tutti e se 'l tempo hae bisogno d'avere Pompeio per cavaliere e non per compagno, non riterrò più i fati.","Se ti piace a tutti e se il tempo ha bisogno di avere Pompeo come cavaliere e non come compagno, non lo riterrò più tra i fatti.

Explanation:

The text is in the Tuscan dialect of the Italian language, which was used in medieval and Renaissance Italy. The modern Italian equivalent of the Tuscan dialect would be the Italian language as it is spoken today in Italy.

The",0
Brunetto Latini,1260-61,fior.,"Officio di questa arte pare che sia dicere appostatamente per fare credere, fine è far credere per lo dire.","Sembra che sia l'obiettivo di questa arte dire qualcosa specificatamente per far credere, in realtà si fa credere per la parola detta.",0
Simintendi,1333,tosc.,Ecco e larghi ventipiovoli caggiono delle risolute nebbie; e potresti credere che tutto il cielo cadesse nel mare,Qui giunge e venti ventipiani cieli sgombrano le nebbie sicure; potresti credere che tutto il cielo cadesse nell'acqua.,0
Agostino da Scarperia (?),1390,tosc.,"Però che or chi spererebbe quello che eziandio questi che non vogliono ancora credere in Cristo, già veggiono con noi, e perché nol possono negare, stridono colli denti.","Ma chi potrebbe sperare ora quello che questi, che ancora non credono in Cristo, non lo vedono già con noi, e perché non possono negarlo, lo stridono con i denti.",0
Bono Giamboni,1292,fior.,I vendimenti de' morti et le presure de' vivi fece la frode d'uno feroce re.,La morte dei morti e le pressioni dei vivi fecero la frode di un crudele re.,0
Bart. da San Concordio,1313,tosc.,"Acciocché quegli, il quale ora per le sue gran reità è feroce e onorevole, egli d'ogni male afflitto e tormentato della impietà verso il mio padre.","Affinché quello, il quale ora per le sue grandi reazioni è fiero e onorabile, egli sia afflitto e tormentato da ogni male per la sua impietas verso il mio padre.",0
Brunetto Latini,1260-61,fior.,Gli uomini spessamente a stare fermi nella bugia incontra la verità.,Spesso gli uomini incontrano la verità mentre stanno fermi in una bugia.,0
Filippo da Santa Croce,1323,tosc.,"Marco Cornelio ch'era de' dieci compagni, studiosamente  si riservò di parlare all'ultimo.","Marco Cornelio, che era tra i dieci compagni, si tenne per ultimo a parlare con sguardo attento.",0
Cavalca,1330,tosc.,cose ch'io sapeva che erano fatte in Italia.,cose che in Italia si facevano.,0
Valerio Massimo (red. V1,1336,fior.,Corbio nipote d' Ortensio menò sua vita più bassa e più viziosa,"Il nipote di Corbio, Ortensio, condusse una vita più bassa e più viziosa.",0
Brunetto Latini,1260-61,fior.,"Altressì uno amante chiamando merzé alla sua donna dice parole e ragioni molte, et ella si difende in suo dire.","Inoltre un amante chiamandole grazia alla donna risponde con parole e ragioni tante, e lei si difende nel suo dire.",0
Arte Am. Ovid. (B),1310/13,fior.,"Io mi ricordo (ch. 347) che essendo adirato scapigliai la mia donna. Ohi, quanti dì questa ira mi tolse!","Ricordo che, arrabbiato, la mia donna irritai. Oh, quanti giorni mi tolse quell’ira!",0
Rim. Am. Ovid. (B),1310/13,fior.,colui del quale tu tti solevi dolere ch' era amante della tua donna;,quell'uomo che ti faceva piangere perché amava la tua donna;,0
Fatti de' Romani (H+R),1313,fior.,"Ma no sapeano già le nomora di coloro dela congiurazione, ché la donna no nominava già li nomi.","Ma non sapevano ancora i nomi delle persone della congiura, perché la donna non li nominava ancora.",0
Ceffi,1325,fior.,"Creti?  Certo quand'elli si mosse, elli ti dixe: ""O fedele mia donna, fa' che in mio luogo ti sia racomandato il nostro hoste troiano"".","Sei da Creti? Sì, quando ti muovi, mi dice: ""O fedele mia donna, fa' che in mio luogo ti sia raccomandato il nostro ospite troiano"".",0
Valerio Massimo (red. V1,1336,fior.,"A Milano fue ripressa la malvagità d' una donna in simile bugìa, nel tempo medesimo di questo signore della republica, in questo modo: ","A Milano fu repressa la malvagità di una donna in una simile bugia, in quell'epoca di questo signore della repubblica, in questo modo: 
Note: ""bugia"" significa ""trama"" o ""inganno"" in italiano moderno. ""Ripressa"" significa ""repressa"" o ""soppressa"" in italiano moderno. ""Signore della repubblica",0
Filippo da Santa Croce,1323,tosc.,"E lamentavansi dell'iniquità d'Appio, e ripiagnevano la malavventurata beltà della pulcella e la necessità del padre.",Si lamentavano dell'ingiustizia di Appio e piagnevano la malaventurata bellezza della ragazzina e la necessità del padre.,0
Brunetto Latini,1294,fior.,"Nella quale battaglia, certo io ebbi sempre ardire di ragionare di pace e sempre mi dolfi che non solamente la pace era schifata,","In quella battaglia, certo io avevo sempre il coraggio di parlare di pace e sempre mi facevo soffrire che non solo la pace era offesa,

Explanation:

The text is in the past tense, so the modern translation should also be in the past tense. The meaning is that the speaker always tried to argue for peace during a battle, but he was frustrated because peace seemed to be disrespected.

The modern translation uses",0
Bart. da San Concordio,1313,tosc.,"la seconda suole talora per la grande provedenzia fare timoroso, e la prima per l'ardire rendere altrui matto.","la seconda fa spesso temere per la grande importanza, e la prima fa arrabbiare chi la sente.",0
Valerio Massimo (red. V1,1336,fior.,Andò nel campo de' Cartaginesi e tutta la legione trasse seco.,Andò nel campo dei Cartaginesi e la legione lo seguitò.,0
Zanobi da Strada,1361,tosc.,"Non lo volle cognoscere per nimico. Qesta è quella, la quale diede ardire al profeta Natan a riprendere con grande autoritade quello re, il quale avea peccato.","Non lo volle riconoscere come nemico. Questa è quella che gli diede coraggio al profeta Natan per riprendere a grande autorità quel re, il quale aveva peccato.",0
Frontino volg.,1381,bologn.,"l'armi et insieme con loro passaseno tra li nimici, perçò se alcuno non avesse ardire de questo et sì avevano questo animo.","il nostro arsenale e, insieme, ci transita tra i nemici, per cui, se nessuno avesse il coraggio di questo e ci avessimo questo animo.",0
Giovanni da San Miniato,1415,tosc.,Unde ragionevolemente Iob è interpretato dolente;,Per questo motivo Giobbe è considerato un dolente.,0
Filippo da Santa Croce,1323,tosc.,"quello che sopra tutti gli altri perdonasse a' cittadini, e a cui più sicuramente possiate credere; poi ch'egli fu vostro comandatore.","colui che perdonasse ai cittadini sopra tutti gli altri e a cui potete più sicuramente credere, poi che fu il vostro comandante.",0
Zanobi da Strada,1361,tosc.,"in vano si domanda chi questo Libro scrivesse, con ciò sia cosa che fedelmente si debba credere che l'Auttore di quello fusse lo Spirito santo.","inutile chiedere chi abbia scritto questo Libro, in modo che si debba ritenere fedelmente che l'Autore sia lo Spirito Santo.",0
Agostino da Scarperia (?),1390,tosc.,"se non fosse usatissima, ciò parrebbe certo molto più incredibile: certo più agevolmente si può credere quello, posto che l'umano spirito al divino, ed il mutabile allo incommutabile","Se non fosse abitudine, questo sarebbe certo più incredibile: certo è più facile credere quello, se il nostro spirito umano si mette a contatto col divino e il mutevole si mette in comunicazione con l'incommutabile.",0
Brunetto Latini,1260-61,fior.,che prendessero la paga dal camarlingo per loro dispensa et immantenente andassero alla presenzia di messer lo papa per contradiare il passamento de' cavalieri che veniano di Cecilia in Toscana,che ricevessero il pagamento dal camerlingo per la loro dispensa e andassero in seguito alla presenza di monsignor il papa per contraddire il passaggio dei cavalieri che venivano da Cecilia in Toscana.,0
Bonsignori,1375-77,umbr.-tosc.,"Teseo reguardò Achelao fortemente meravigliandose e disse così: ""O messer Achelao, io vi prego che voi me diciate in che modo voi perdeste","""Signor Achelo, io ti prego di dirmi come hai perso""",0
Giovanni da San Miniato,1415,tosc.,"Io spero in messer Iesù di mandare tosto a voi Timoteo, acciocché io sia d'animo buono",Spero di mandare presto a voi Timoteo perché sia in pace di animo mio.,0
Brunetto Latini,1260-61,fior.,sanza fallo lo porco salvatico avanza l' uomo d' udire e 'l lupo cerviere del vedere,"senza errori, il selvaggio maiale si spinge avanti l'uomo a udire, e il lupo cervo quello a guardare.",0
Bono Giamboni,1292,fior.,uno luogo si mandano lancioni;  la quale cosa i cavalieri l' appellano capo di porco,"in quell'luogo si inviano lanci, che i cavalleri chiamano testa di maiale.",0
Arte Am. Ovid. (B),1310/13,fior.,tenda le reti a li cerbi e sa bene in quali valle dimori il furioso porco cinghiare.,metti le tende per i cervi e sa bene dove abbia dimorato il furioso maiale per accerchiarlo.,0
Rim. Am. Ovid. (B),1310/13,fior.,"Ora spaventerai li disidirosi cervi con varie e diverse paure, o lo porco cenghiare caggia in terra passato collo spiedo.","Ora ti spaventerai i disidirosi cervi con varie e diverse paure, o il porco cinghiare caggia in terra passato collo spiedo.
Se il testo antico era: ""Ora spaventerai li disidirosi cervi con varie e diverse paure, o lo porco cenghiare caggia in terra passato collo spiedo"", la trad",0
Brunetto Latini,1260-61,fior.,"tratta la natura delle cose incorporali le quali non conversano intra lle corpora, sì come Dio e le divine cose.","tratta il naturale di cose incorporali, che non interconversano con i corpi, come Dio e le cose divine.",0
Bono Giamboni,1292,fior.,"Dio, per la quale si dispensano et iudicano tutte le cose.","Dio, attraverso il quale si decidono e giudicano tutte le cose.",0
Bonsignori,1375-77,umbr.-tosc.,"Unde gli poeti, parlando de lloro, dicono le virtute loro e dicono fabolosamente gli loro difetti, quando alcuna passava l'ordine a lloro deputato","Così i poeti, parlando di loro, dicono le loro virtù e, in maniera fabulosa, i loro difetti, quando una di quelle passava a lui assegnato.",0
Giovanni dalle Celle (?),1396,tosc.,"e quella cosa, la quale è diricta et onesta, e con virtute, quella sola penso essere lo bene.","e quella cosa, la quale è diretta e onesta, e con virtù, quella solo penso essere il bene.",0
Fatti de' Romani (H+R),1313,fior.,"Quando li serpenti invellenava di giorno alcuno Romano, allora iera la maraviglia a vedere come li Psille si combattevano al veleno, ché elli imolavano tutto inazzi della loro salive","Quando i serpenti ingozzavano un romano al giorno, allora era meraviglioso guardare come i Psille si battevano contro il veleno, poiché essi li annullavano tutto indietro della loro saliva.",0
Chiose a Rim. Am. (B),1310-,fior.,"Dice il poeta: oh, che bella cosa è vedere apertamente con gli occhi quando tu glel fai diretro o in culo o in altro","Secondo quanto il poeta dice, è bella cosa guardare in faccia quando tu la fai dirigerà verso indietro o in alto.",0
Cavalca,1330,tosc.,"ma pur questo fu colpa tua, però che volesti cercare di vedere con gli occhi corporali la cosa invisibile.","ma comunque fu colpa tua, poiché tu volevi cercare di vedere con gli occhi corporali una cosa invisibile.",0
Brunetto Latini,1260-61,fior.,"Vero è, ma non tine rispondo in questo tempo, perciò che ttu se' mio servo, o perciò ch' è tempo feriato, o perciò ch' io non debbo risponderti","È vero, ma non rispondo a te ora perché tu sei mio servo, o perché è ora libero, o perché non devo rispondere a te.",0
Fatti de' Romani (H+R),1313,fior.,sì convene che lli desse grande avere perché · lasciasse andare via.,deve avergli molto per permettergli di andarsene.,0
Filippo da Santa Croce,1323,tosc.,"notabile esemplo a ciascuno che si guardasse di fare e di pensar tradigione, il servo, il quale gli avea accusati, fu francato, e fugli donata grande quantità di moneta","notevole esempio per chi si guardi da commettere e pensare tradimento, il servo, il quale gli era stato accusato, fu assolto e ricevette una grande quantità di denaro.",0
Valerio Massimo (red. Va),1336,tosc.,che sarebbe a llui cosa sconcia se ll'avesse commesso sì che lla colpa del servo e 'l gastigamento di Platone avesse meritato egualmente.,sarebbe strano a lui se avesse commesso ciò che la colpa del servo e la pena di Platone avrebbero meritato all'eguale.,0
Valerio Massimo (red. V1,1336,fior.,"mostroe massimamente le forze sue, dando lui re a questa cittade ne la quale nacque servo; al quale avvenne lunghissimamente lo imperio tenere","mostrò massimamente le sue forze, eleggendo re in questa città dove nacque servo; a cui tenne impero per un lungo tempo.",0
Brunetto Latini,1260-61,fior.,l' anima muta la sua forza per la propietade di quello corpo a cui ella si congiunge.,l'anima cambia forza in base alla proprietà del corpo a cui si fissa.,0
Cavalca,1308,tosc.,"sono due già non in una carne, ma in uno spirito, cioè Iddio, e l' anima. Onde in altro luogo dice S. Paolo: Chi s' accosta a Dio è uno spirito","Sono due cose già, non nella carne ma nell'anima, cioè Dio e l'anima. Così in altro luogo San Paolo dice: Chi si avvicina a Dio è uno spirito.",0
Fatti de' Romani (H+R),1313,fior.,"per tanto che Lucano il disse, il vi racontiamo. Ivi, quando l'anima di Pompeo ebe sentito la chiarità di lasusso, ella sì cognobe prima in  grande","Così come Lucano lo disse, lo raccontiamo a voi lì. Lì, quando l'anima di Pompeo sentì la luce di Lasio, essa lo riconobbe prima in grande misura.",0
Bono Giamboni,1292,fior.,"Sicchè dolore è a udire, quando l' usare l' arme e la fatica ricusano, con grandissimo disonore come pecore essere","Perché è doloroso sentirsi, quando l'uso la arma e il sforzo rifiutano, con grande vergogne come pecore essere.",0
Bono Giamboni,1292,fior.,et nonn ebbe in fastido Cristo cotali parole d'udire.,non ebbe di fastidio ascoltare tali parole di Cristo.,0
Prima catilinaria volg. (red. A),1294,fior.,"la moltitudine de' quali tu ài potuto vedere e riguardare lo studio e poco dinanzi udire le voci, e lle cui mani e lance apena posso ritenere.","la folla di cui puoi aver visto e guardato il volto e poco fa udito le voci, e quelle mani e lance che solo in parte posso tenere ferme.",0
T. Alderotti (?),1295,fior.,"udire di belle novelle et odorare di belli fiori, come et quando et quanto si conviene","ascoltare di belle storie e odorare di belli fiori, come, quando e quanto è appropriato

La traduzione moderna mantiene il significato della frase antica, che vuole esprimere l'idea di ascoltare storie interessanti e di gustare il profumo dei fiori. Il verbo ""conviene"" è tradotto in ""è appropriato"" per mantenere",0
Filippo da Santa Croce,1323,tosc.,"Il re entrò in uno giardino dietro al suo albergo, quasi come s'egli andasse pensando alla risposta.","Il re entrò in un giardino dietro all'albergo suo, quasi come se pensasse alla risposta.",0
Ceffi,1325,fior.,"Ma io disioso colà dove io non posso col corpo andare, con la mente vi volo","Ma io desioso lì dove io non posso andare con il corpo, la mente vi vado

Explanation:
The original text is in the past tense and uses the word ""disioso"" which means ""longing"" or ""eager to go."" To maintain the same meaning in modern Italian, the verb ""vado"" (go) is changed to ""vado"" in the past participle form ""stato"" to maintain the past tense",0
Guido da Pisa,1337,tosc.,Ed ecco di subito tutta questa turba degli uccelli si levò a volo dietro all'aquila,Ecco subito tutta quella turba di uccelli alzarsi in volo dietro all'aquila.,0
Grazia di Meo,1343,tosc.,Vede anche le ragioni del volo degli uccielli e di tutte le cose sa rendere vero giudicio.,Può vedere le ragioni del volo degli uccellini e giudicare veramente su tutte le cose.,0
Zanobi da Strada,1361,tosc.,Or ecco quanto per la sua superbia questo uccello volava in alto.,"Or vedi quanto vola in alto per superbia questo uccello.

Explanation:

The original text is in the past participle form ""Or ecco quanto per la sua superbia questo uccello volava in alto,"" which means ""Here is how high this bird was flying because of its pride."" The modern Italian translation maintains the same meaning with ""Or vedi quanto vola in alto per superbia questo uccello,"" which",0
Bonsignori,1375-77,umbr.-tosc.,"Gorgone, e ho questa proprietà che io volo per l'aire sì come uno ucello"".","Donna Gorgona, posso volare per l'aria come un uccello con questa proprietà mia.",0
Bono Giamboni,1292,fior.,"quando nella matricola si scrivono giurano per Dio, e per Cristo, e per lo Spirito Santo","quando si giura in un atto notarile, invocando Dio, Cristo e lo Spirito Santo.",0
Bono Giamboni,1292,fior.,"per necessitade i' ridico ke, secondo il comandamento tuo, padre santo Agostino, le battaglie già state nel mondo [..]","per necessità io ripeto che, secondo il tuo comando, santo Agostino, le battaglie già combattute nel mondo [..]",0
Brunetto Latini,1294,fior.,"molto di maggiore memoria saranno faccendole al re, perciò che nella nostra cittade sempre fue santo e glorioso il nome reale, e sse furono compagni fue il loro nome santissimo;","saranno ricordate di maggiormente per il re, quindi il nome reale fu sempre santo e glorioso in nostra città, e se furono compagni fu anche il loro nome santo.",0
Cavalca,1308,tosc.,"Non voglio, che insuperbischi per lo santo proposito, e voto della verginità vedendo le sue laudi","Non voglio che si insorga orgoglio per la santa intenzione e il voto della verginità, guardando le sue lodi.",0
Fatti de' Romani (H+R),1313,fior.,"Santo Agostino fece u· libro ch'avea nome ""Agostino Della Città di Dio"".","San Agostino scrisse un libro chiamato ""La Città di Dio"" di Agostino.",0
Cavalca,1330,tosc.,Gregorio. Non udii mai che egli avesse maestro; ma il dono dello Spirito Santo non si può stringere a legge.,Gregorio. Non l'ho mai sentito avere un maestro; ma il dono dello Spirito Santo non può essere confinato da legge.,0
Brunetto Latini,1260-61,fior.,Verbigrazia: Mercatanti fiorentini passavano in nave per andare oltramare.,Il linguaggio antico: I mercanti fiorentini passavano in nave per andare all'estero.,0
Bono Giamboni,1292,fior.,"Quando averai nel cavaliere i detti segni veduti non andare a grandezza caendo, perchè nelle battaglie sono più utili i forti che i grandi.","Quando avrai nei cavaliieri i segni visti non andare a grandezza calando, perché nelle battaglie sono più utili i forti che i grandi.

Explanation:
The antique text uses the verb ""andare"" in the meaning of ""to go down, to decline"" when referring to the ""segni"" (signs) on a knight's face. To maintain the same meaning in modern Italian,",0
Bono Giamboni,1292,fior.,"e, cosa che anche è più grave, cioè essere preso, o vero fuggire, e suo Comune lasciare vincere.","e, a quel che è peggio, dover cedere o fuggire, e lasciare la sua terra sottomettere.",0
Filippo da Santa Croce,1323,tosc.,"Sappiate veramente, che se noi non ci fossimo sì affrettati del fuggire, noi saremmo tutti morti.","Sapete realmente che, se non ci fosse così precipitosa la nostra fuga, saremmo tutti morti.",0
Deca quarta,1346,fior.,"Tarco cretense che in aiuto era alli nimici avrebbe potuto fuggire, ma la vergogna d'abbandonare li nobilissimi cavalieri della gente achea poco avanti da lui","Uno tra i cretesi, Tarco, che avrebbe potuto fuggire per aiutare i nemici, ma si sentiva vergognoso di lasciare indietro i nobili cavalieri achei, che stavano poco prima di lui.",0
Brunetto Latini,1260-61,fior.,"e l' acconciamento a fare grandissime cose, cioè a ttenere pace et amare Idio e 'l proximo, a ffare cittadi, castella e magioni","e l'arredamento ha la capacità di realizzare grandi cose, cioè di mantenere la pace e amare Dio e il prossimo, di costruire città, castelli e magioni.",0
Giovanni da San Miniato,1415,tosc.,colui che ancora non sa amare il prossimo come sé medesimo già cominci a temere i giudicii di Dio. ,chi ancora non sa amare l'altro come sé medesimo inizia a temere il giudizio di Dio.,0
Arte Am. Ovid. (B),1310/13,fior.,"L'ucello, poi che hae impaniate le ali, non fugge salvamente, né llo porco salvatico esce bene delle reti ove cade.","L'uccello, dopo averle spianate le ali, non fugge in salvo, né il porcello selvatico uscire bene da quelle reti in cui cade.
Explanation: The old text uses ""impianate"" (to spread) to describe the bird spreading its wings, but this is an archaic usage that is not commonly used in modern Italian. The modern equivalent would be ""spianare"" (",0
Cavalca,1308,tosc.,"Io gli apersi, e quelli fuggitte. E che bisogno è, che lo cuore tuo stia chiuso al tuo sposo Cristo?","Io gli dissi: “Vai, fuggi da me.” Ed egli partì. Ma mi resta il mistero: perché deve il cuore tuo essere chiuso a Cristo?",0
Prima catilinaria volg. (red. A),1294,fior.,"E dunque, da che queste cose son così, Catellina, e tu non puoi buonamente qui dimorare, dubiti tu d'andartene in alcuna terra ed usare questa vita fuggendo per li diserti","Così, allora, Catellina, se queste cose sono così, non puoi stare bene qui; dubita di andarti in qualche altro luogo e usare questa vita fuggendo per le terre desertiche.",0
Chiose a Valerio Massimo (D - L. I-V),1346,tosc.,"Questi due, volendo contra la voglia del senato dimorare ne l'ufficio del tribunato, furono morti da la plebe, incitandola i padri coscritti.","Questi due, volendo contro la volontà del senato rimanere nell'ufficio del tribunato, furono uccisi dalla plebe, incitandola i padri coscritti.",0
Bono Giamboni,1292,fior.,"i giovani, a cui il difendimento delle provincie, e la ventura di tutta la battaglia si commette","ai giovani, a cui si affida la difesa delle province e il successo di tutta la battaglia.",0
Bono Giamboni,1292,fior.,"da' monti de' Romani si feciero nuovi nemici; contra i quali è conbactuto cum diversa ventura: perké nela primaia battaglia, essendo consolo Valerio, MMMD ne moriro de' Romani;","dai monti romani si sono creati nuovi nemici; contro di essi è stato scontrato con sorte diversa: per cui nella prima battaglia, essendo console Valerio, MMMD ne persero la vita dei romani.",0
Fatti de' Romani (H+R),1313,fior.,"noi iscaciati e dipartiti per debito dela cittade, e tutti iscaciati da fama e da ventura buona.","abbiamo lasciati e partiti per debito della città, e tutti abbiamo lasciati per fama e per una buona sorte.",0
Simintendi,1333,tosc.,pregaste gli dei per me; e' vostri preghieri valsono: e se voi domandate chi ebbe ventura di questa battaglia; io non fui vinto da colui.,"pregoi i dèi per me; vostri preghieri valgono: e se chiedete chi ebbe sorte in questa battaglia, io non fui sconfitto da lui.",0
Valerio Massimo (red. V1,1336,fior.,"una villa chiamata Vitermina, con ciò fosse cosa che piusori principi di scherani corressero per ventura a quel tempo a vederlo, Scipione, stimando che venissero per isforzarlo, allogò ne la casa","una villa chiamata Vitermina, dove, se fosse successo che più principi di scherani avessero corso a quel tempo per forzarlo, Scipione vi allogò.",0
Brunetto Latini,1260-61,fior.,contra lui e contra le sue sorelle  e contra il reame e contra l' alto pregio della sua ingenerazione e della sua familia,contro di lui e contro le sue sorelle e contro il regno e contro l'alto prezzo della sua origine e della sua famiglia.,0
Fatti de' Romani (H+R),1313,fior.,"Allora che il navilio si fue impinto e messo in alto mare per andare diritto per mezo questo trapasso periglioso, l'aira divenne nuvolosa e pioveginosa","Allora che il vascello fu imboccato e messo in alto mare per andare dritto attraverso questo passaggio pericoloso, l'aria divenne nebbiosa e piovosa.",0
Filippo da Santa Croce,1323,tosc.,"ne salìo in su l'argine del fosso, e in su lo steccato, se da alto si potessero difendere, o per alcuna maniera passare oltre e scampare.","non riuscì a salire sul ripido argine del fossato, né sul palissato, se potessero essere difese da lontano o superato in qualche modo e fuggire.",0
Alberto della Piagentina,1330/32,fior.,"Ma l' occhio della intelligenza è più alto. Perciò che, passata la grandezza della universitade, quella medesima semplice forma vede nella sottil vista","Ma l'occhio dell'intelligenza è più alto. Per questo motivo, passata la grandezza dell'università, quella stessa forma semplice vede nella sottilissima visione.",0
Brunetto Latini,1260-61,fior.,"Et se l' occhio è nobile membro del corpo dell' uomo, dunque la salutazione è nobile parte della pistola, c' altressì allumina tutta la lettera come l' occhio allumina l' uomo.","E se l'occhio è un nobilissimo membro del corpo umano, allora la salutazione è una parte nobilissima della pistola, che in modo simile illumina tutta la lettera, come l'occhio illumina l'uomo.",0
Bono Giamboni,1292,fior.,"Tarentini, i quali erano nati di quegli di Lacedemonia et facta da lloro nobile cittade de' Greci.","Tarentini, che erano nati da quelli di Laconia e avevano fatto da essi una nobile città greca.",0
Fatti de' Romani (H+R),1313,fior.,"Ulecois, ebe un uomo rico e nobile: Orgentore fue chiamato per nome.","Uliaco era un uomo ricco e nobile, e si chiamava Orgenzoro.",0
Valerio Massimo (red. Va),1336,tosc.,"però che, sse nobile cosa e alta è abatte il nimico, ampoi nonn è meno laudabile sapere avere misiricordia","ma se è nobile e alta cosa abbatte il nemico, è pure lodabile sapere avere misericordia.",0
Bono Giamboni,1292,fior.,"Alexandri, ciò è il genero e 'l figliuolo, da Phausonia, gentile iovane di Macedonia, stando in uno luogo strecto sanza guardia, fue morto.","Alexandro, questo è il genero e il figlio, di Phausonia, giovane nobile di Macedonia, rimase ucciso in un luogo chiuso senza guardia.",0
Grazia di Meo,1343,tosc.,"Alchuno è riccho e gentile, ma lamentasi che vorebbe avere altra moglie che quella ch'egli à.","Alcuno è ricco e gentile, ma lamenta che desidererebbe avere un'altra moglie diversa da quella che ha.",0
Zanobi da Strada,1361,tosc.,"Pietro, essendogli mostrato in figura il populo Gentile, sì gli fu detto: ammazza, e mangia","Pietro, quando gli fu mostrata in visione la folla gentile, gli fu detto: uccidi, e mangia.",0
Declamazioni di Seneca,1392,tosc.,"pregollo che lo liberasse di quella obbligazione, in che egli l' aveva lasciato ubbligato. El gentile uomo assentì, e liberollo, e fecene carta.","preghi che mi lo liberi di questa obbligazione, in cui l'ho lasciato legato. Il gentiluomo accettò, lo liberò e ne fece una carta.",0
Giovanni da San Miniato,1415,tosc.,"L'oro verrà dall'Aquilone. Che figuriamo noi per l'Aquilone, se non il populo Gentile congelato dal freddo del peccato, il qual populo tenne sotto il giogo della sua tirannia","L'oro verrà dall'Aquilino. Chi si figuriamo per l'Aquilino, se non il popolo gentile congelato dal freddo del peccato, il quale popolo fu tenuto sotto il giogo della sua tirannia.
Note: In italiano moderno, ""Aquilone"" è tradotto come ""Aquilino"", per mantenere il riferimento alla direzione cardinale",0
Prima catilinaria volg. (red. A),1294,fior.,"sia in mezzo tra me e te: con noi non puo' tu già più lungamente dimorare, ch'io non lo sofferrò e non lo lascerò.","resti tra noi due: non puoi più a lungo con noi stare, perché io non ti sofferrò e non ti lascerò.",0
